IDE,another question,IDEs,people,one,vim,programming,environment,colleagues,either vim,emacs,work,advantages,IDEs,charged issue,people,flame war,IDE,other side,fence,IDEs,types,work,not others,language,C#,Java,IDEs,these save time,things,more pain,Code completion,lot,code,short answer,IDE,lazy soul,things,easy way,IDE,life,us lazy folk,code,IDE,validity,code,method,F1,help,definition,button,application,debugger,list,the things,developer,day,day basis,roof,no need,IDE,just much harder work,classic "text editor and console window,IDE,"text editor,IDE,emacs,interface improvements/simplifications,original question,answer,> power,Vim,thing,many functions,IDE,only aspect,larger IDE,things,UI designers,question,IDE,arguments,simpler realm,Vim,Emacs,IDE,faster navigation,code,which,thing,mind,IDE,destination,thoughts,more clicks,more keys,thought,things,things,design,implementation,GUI designer,big difference,hand,GUI-based IDEs,Visual Studio,Eclipse,several advantages,text-based IDEs,Emacs,vim,display capabilities,GUI-based IDE,more useful information,screen,graphical portions,application,text portions,coolest things,developer,method,data,live output,code,another window,user,app,WYSIWYG,Text-based IDEs,Emacs,vim,features,code completion,time,main limitation,text-based display model,Vim,emacs,my development stuff,sheer intuitiveness,GUI,course,primary reason,people,IDEs,no learning,tool,lesser the learning,work,lot,time,code,simple text editor,good IDE, time,IDE,functions,positionto variables,good IDE,time,different language features,projects,start-up time,reasons,IDE,mouse,pure text-based editors,time,developMakes life,features,Integrated debugging intellisense,lot,clear dividing line,text editor,IDE,likes,Notepad,end,scale,best modern IDEs,lot,thing,Most text editors,syntax highlighting,editors,programmers,various other features,easy code navigation,auto complete,Emacs,debugger,IDEs,far less features,programmers,serious text editor,main  reason,code,100 files,ctags,work,pretty good way,files,time,lot,work,just the the GUI version,everything,good old days,terminal,IDE,lot,stuff,linking stuff,notable advantage,cases,example,certain development platforms,Qt,IDE,visual,others,code,errors,logics,only an IDE,compiler,problem,typed source,wild answer,IDE/Command-line flame war,C/C++ executable building,standardized point,view,D language,every platform,/linking,its own way,IDE,viewpoint,command-line,only one compiler,standard options,truth,C/C++,end,platform,own way,IDE,executable talks,kernel,anything,compiler design,way,proper command-line,Microsoft,Apple,straight-forward way,application,details,application,architecture,OS,command-line,simple big and complex applications,IDE little pieces,software,command-line,course,those nifty libraries,Makefile,another story,IDE,application,thing,GUI,thing,interface,OS,people,UI/GUI,people,systems,IDE,just modern shit,100 years,command-line,IDE,lot,functionality,fingertips,Editing/Compilation/visibility,files,project,things,IDE,Visual Studio,former life,SlickEdit,development process,only one thing,IDE,Short question,short answer,language,IDE,IDE,3 xterms,running vim one,database client,logs,IDE,work,self,platform-native GUI,language-appropriate IDE,instant - IMO IDEs,graphical form editing
java,Superclass Method' Errors,project,Eclipse,projects,Eclipse,Eclipse,location,projects,overridden methods,error,method,superclass method,Android projects,ever reason,method argument values,them,instance,odd thing,code,Eclipse,method,same argument names,problem,method,quite a pain,ALL my overridden methods,hand,anyone,way,methods,which,argument,another method?Eclipse,Java,classes,interface methods,which,Java,No idea,alphazero's recommendation,second time,'CACHE,error,Build,Rollin_s,error,problem project,Package Explorer,rebuild,no error,Hope this help,one,super class method error,Java source version,Java,annotation,interface method,order,source version,1.6 follow,steps,case,problem,Maven project,Eclipse,following,context menu,project,Update Project,Hope,case,none,solutions,source code,another folder,eclipse,File,Switch workSpaces,code,new workspaces,maven project,different Compiler Compliance level,Eclipse IDE,different Compiler Compliance level,order,Compiler Compliance level,Maven project,level,Java Compiler Compliance level,Preferences,Compiler Compliance level,1.7 1.6  ect,Java Compiler Compliance level,Maven project,"Java Compiler,Compiler Compliance level,1.6  ect
testing - Online IDE,Python,web-based IDE,quick tests,dozen,PHP,even Java,Python,ThanksYou,try,full IDEs,lot,options,online python interpreters,IDE,last kind,programs,web,good IDE,reason,others,no an interactive web shell,compiler,nothing,IDE
trouble,ide - autocompletion,phpstorm,google,answers,Laravel,steps,Install,Laravel,ide-helper Added,Barryvdh\LaravelIdeHelper\IdeHelperServiceProvider,helper file,error,one,same issue,'m,different solutions,autocompletion,barryvdh's ide-helper,same problem,
new style IDE,side project,normal notepad,steroids IDE,inspiration,things,IDE,Things,Andrew Ko,CMU now professor,U Wash,dissertation,folks,thing,project
Recommendations,PHP IDE,.NET developer,years,PHP project,editor/IDE,ThanksPaulEclipse PDT,good choice,"everything" rolled package,Netbeans,PHP,good choice,no PHP expert,means,same question,developer background,PHP work,side,Eclipse,PHP developers,which,core Eclipse application,additional plug-ins,PHP development,most part,thing,nice auto-formatter,code,way,Visual Studio,Eclipse,fashion,luck,search,plenty,recommendations,eclipse,netbeans,geany,light,only basic features,ide
interface implementation,Eclipse IDE,Eclipse,procedure,good overview,Eclipse Helios,Helios,text cursor,method,menu Navigate â†’ Open Implementation,more than one implementation,method,choice,which implementation
Gradle eclipse IDE integration,eclipse ide integration,gradle,gradle editor,ide integration,only some syntax highlighting,real ide integration,eclipse?The SpringSource Tool Suite,Gradle support,STS,STS,Eclipse installation and Gradle support,STS release,STS team,plugin,stand alone module,introduction
Existing Item,entire directory structure,Visual Studio,free standing set,files,C# project,complicated nested directory structure,them, format,different directory,ASP.NET web application,same structure,folder,target location,project,existing  item,previous folder hierarchy,directories,hand,one-to-one basis,existing items,too many directories/items,case,existing directories,files,Visual Studio 2008?Drag,files / folders,Windows Explorer,Solution Explorer,them,Visual Studio,Administrator Mode,Windows Explorer,User Mode process,everything,solution,folders,files,files,those folders,neat trick,folder,open dialog,solution,Visual Studio,Admin Mode,good workaround,open-source extension,Marketplace,OP,exactly what,code,scenario,HTH,folder,Visual Studio,folder,Open Folder,File Explorer,them,folder,Visual Studio,Windows,project,Item,dialog,which,root,directory,upper right corner,search box,Type,ever,files,files,while,cleanest way,new Class Library project,target folder,its build output,.csproj file, folder,Visual Studio,project,Visual Studio,CMake,Visual Studio project,work,Qt Creator,Visual Studio project
Zend Framework IDE,project,which,Zend Framework,PHP language,Zend Framework,Zend Framework project,IDE,Zend Studio,which,other community edition IDE,which,ZF1 project,one,link,tutorial,project?I,Eclipse,PHP,Zend Studio,Eclipse,both myself,Eclipse,Zend Framework,1 library,auto-complete and framework documentation,real time
Android,huge laptop,place,Galaxy Tab,lighter baggage,everything,laptop,most important thing,main reason,decent ide,Android,question,ide,Android,android,tablet,eclipse,other linux IDE,video,tablet,full edit-compile-run cycle,Android Apps,great editor,devices,Transformer Prime,Samsung Galaxy S2
combination,Insert,following text,right indentation,file,following mapping,new command,file,
c# - IDE Support,WinForms,Hey guys,people,Winforms,Visual studio,place,work,forms,IDE support,reason,IDE support,99%,windows forms,anything,design view,errors,usual case,industry????Sorry WinForms,us,code,times WinForms,applications,Visual Sudio,Visual Studio,new form,IDE,old forms,scratch,newest VS installation,3rd party UI controls,dll,design view,toolkit,developer machine,errors,possible explanation,errors,forms,company,third-party controls,forms,errors,forms,unlicensed machines,Another possible explanation,errors,third-party controls,installation,controls,errors,errors,another Stack Overflow question,community,errors,question,Visual Studio Designer,IDE,forms,design view,error,code,case,project,same error,runtime error,code
Delphi XE6 - IDE File Open button,IDE,Odd behaviour,IDE,File Open,main file menu,file Open button,toolbar,IDE,"Exit,File menu,IDE,File Open Dialog,intentional behaviour,programmers,Update,XE6,new vcl application,machine,Dell latitude,XE6,Win7,extra files,IDE's Bin folder,case,FastMM dlls,answer,Embarcardero Forums,Remy's answer,IDE's copy protection,startup,unauthorized  non-Embarcadero files,IDE's \bin folder, actions,file menu's  Open and Exit items,offending files,\bin folder,them,poster,issue,XE5,issue,Delphi,10.1 Berlin,probability,IDE,these packages,IDE,its normal behaviour, point,faulty package,IDE,same issue,same third party components,fact,Delphi IDE defect
pycharm - PyCharme IDE problems,PyCharm IDE.Message error,'idea.system.path' property,IDE,nothing,happensand,directory PyCharm2018.1,one,problem?Pierre,issue,perms,these perms,Notes,Hope,
CodeIgniter framework,codeigniter php framework,web application,IDE,which IDE,codeingiter framework,one,regard,thanks,simple IDE,Google,others,many IDE Editor,market,development,PHP Storm,Sublime text Editor,PHP Development,best IDE,php development,nice auto-completion feature,utility,version controll system,Zend Studio,Netbeans,best IDE,very useful plug-ins,auto code format functionality,code,readability,code
React Native,old amd computer,which,Anroid Simulator,online IDE,android emulator,React Native,app,AWS,credit card,paypal,browser,simulator,editor,projects,snack account,
python - Eric IDE,default directory,default directory,"home" folder,project,date,question,related eric-ide,eric5,eric6,eric6,/the general default location,opening files projects,note,OK button,project directory,work space directory
Eclipse-based IDE development,compiler,static-typed language,eclipse ad,its ANTLR plugin,IDE,language,eclipse plugin,tool,eclise-based IDEs compliant,ANTLR grammars?Take,look,which,framework,language tools,IDEs).There,SO questions,ANTLR,example
Selenium IDE,command type,enrich html,Anybody,idea,
command,Netbean IDE,Laravel,netbean IDE,command,them,CMD,file,different location,php
c++ - Code,new IDE,codeblock IDE,error,15 error,21 error,23 error,'return,end,input thanks!In line,dot,max,semicolon
non-IDE-based C development environment,Linux?gcc,vi,pretty good development environment,no setup,most Linux installations,GCC,command line,vi,nano,emacs,emacs,one,Emacs gcc,commenter,instructions,no set,most Linux distributions,these programs,masochist,nano,.nanorc file,example,/etc/nanorc,Emacs,Cedet,gtkemacs gcc,question,religious wars,configurations,mine,gcc,vim/vi,Vim/vi,cursor,insert,text,Vim,extremely helpful tutor,command,shell,no time,Vim's interface,vimtutor,productivity,code increase
eclipse IDE,SDK,installer,installation,IDE,offline package,screen,MacOS 10.12.6 java version,1.8.0_131,sudo,command, sudo /Users/USER/webOS_TV_SDK/IDE/WebOSIDE.app/Contents/MacOS/WebOSIDE,exit
Which programming languages,IDE,answer,question,IDE,Go,question,language,' an IDE,"graphical languages,IDE,moment,general idea,"language,programs,sort,diagram,intended market,thing,flavor,UML,ERD,intended market age,tool,level
